v0_1	v0_1
v0_1	v0_3
v0_1	v0_4
v0_1	v0_5
v0_1	v0_9
v0_1	v0_11
v0_1	v0_12
v0_1	v0_13
v0_1	v0_14
v0_1	v0_15
v0_1	v0_16
v0_1	v0_17
v0_1	v0_18
v0_1	v0_19
v0_1	v0_21
v0_1	v0_22
v0_1	v0_6
v0_1	v0_7
v0_1	v0_8
v0_1	v0_10
v0_1	v0_20
v0_2	v0_1
v0_2	v0_2
v0_2	v0_3
v0_2	v0_4
v0_2	v0_5
v0_2	v0_11
v0_2	v0_12
v0_2	v0_13
v0_2	v0_14
v0_2	v0_15
v0_2	v0_16
v0_2	v0_17
v0_2	v0_18
v0_2	v0_19
v0_2	v0_21
v0_2	v0_22
v0_2	v0_6
v0_2	v0_7
v0_2	v0_8
v0_2	v0_10
v0_2	v0_20
v0_3	v0_1
v0_3	v0_2
v0_3	v0_3
v0_3	v0_9
v0_3	v0_11
v0_3	v0_12
v0_3	v0_13
v0_3	v0_14
v0_3	v0_15
v0_3	v0_16
v0_3	v0_17
v0_3	v0_18
v0_3	v0_19
v0_3	v0_21
v0_3	v0_22
v0_3	v0_6
v0_3	v0_7
v0_3	v0_8
v0_3	v0_10
v0_3	v0_20
v0_4	v0_1
v0_4	v0_2
v0_4	v0_3
v0_4	v0_4
v0_4	v0_5
v0_4	v0_9
v0_4	v0_11
v0_4	v0_12
v0_4	v0_13
v0_4	v0_14
v0_4	v0_15
v0_4	v0_16
v0_4	v0_17
v0_4	v0_18
v0_4	v0_19
v0_4	v0_21
v0_4	v0_22
v0_4	v0_6
v0_4	v0_7
v0_4	v0_8
v0_4	v0_10
v0_4	v0_20
v0_5	v0_1
v0_5	v0_3
v0_5	v0_4
v0_5	v0_5
v0_5	v0_9
v0_5	v0_11
v0_5	v0_12
v0_5	v0_13
v0_5	v0_14
v0_5	v0_15
v0_5	v0_16
v0_5	v0_17
v0_5	v0_18
v0_5	v0_19
v0_5	v0_21
v0_5	v0_22
v0_5	v0_6
v0_5	v0_7
v0_5	v0_8
v0_5	v0_10
v0_5	v0_20
v0_9	v0_1
v0_9	v0_2
v0_9	v0_3
v0_9	v0_4
v0_9	v0_5
v0_9	v0_9
v0_9	v0_11
v0_9	v0_12
v0_9	v0_13
v0_9	v0_14
v0_9	v0_15
v0_9	v0_16
v0_9	v0_17
v0_9	v0_18
v0_9	v0_19
v0_9	v0_21
v0_9	v0_22
v0_9	v0_6
v0_9	v0_7
v0_9	v0_8
v0_9	v0_10
v0_9	v0_20
v0_11	v0_1
v0_11	v0_2
v0_11	v0_3
v0_11	v0_4
v0_11	v0_5
v0_11	v0_9
v0_11	v0_11
v0_11	v0_13
v0_11	v0_14
v0_11	v0_15
v0_11	v0_16
v0_11	v0_17
v0_11	v0_18
v0_11	v0_19
v0_11	v0_21
v0_11	v0_22
v0_11	v0_6
v0_11	v0_7
v0_11	v0_8
v0_11	v0_10
v0_11	v0_20
v0_12	v0_1
v0_12	v0_2
v0_12	v0_3
v0_12	v0_4
v0_12	v0_5
v0_12	v0_9
v0_12	v0_11
v0_12	v0_12
v0_12	v0_13
v0_12	v0_14
v0_12	v0_15
v0_12	v0_16
v0_12	v0_17
v0_12	v0_18
v0_12	v0_19
v0_12	v0_21
v0_12	v0_22
v0_12	v0_6
v0_12	v0_7
v0_12	v0_8
v0_12	v0_10
v0_12	v0_20
v0_13	v0_1
v0_13	v0_2
v0_13	v0_3
v0_13	v0_4
v0_13	v0_5
v0_13	v0_9
v0_13	v0_11
v0_13	v0_12
v0_13	v0_13
v0_13	v0_15
v0_13	v0_16
v0_13	v0_17
v0_13	v0_18
v0_13	v0_19
v0_13	v0_21
v0_13	v0_22
v0_13	v0_6
v0_13	v0_7
v0_13	v0_8
v0_13	v0_10
v0_13	v0_20
v0_14	v0_1
v0_14	v0_2
v0_14	v0_3
v0_14	v0_4
v0_14	v0_5
v0_14	v0_11
v0_14	v0_12
v0_14	v0_13
v0_14	v0_14
v0_14	v0_15
v0_14	v0_16
v0_14	v0_17
v0_14	v0_18
v0_14	v0_19
v0_14	v0_21
v0_14	v0_22
v0_14	v0_6
v0_14	v0_7
v0_14	v0_8
v0_14	v0_10
v0_14	v0_20
v0_15	v0_1
v0_15	v0_2
v0_15	v0_3
v0_15	v0_4
v0_15	v0_5
v0_15	v0_9
v0_15	v0_11
v0_15	v0_12
v0_15	v0_13
v0_15	v0_14
v0_15	v0_15
v0_15	v0_17
v0_15	v0_18
v0_15	v0_19
v0_15	v0_21
v0_15	v0_22
v0_15	v0_6
v0_15	v0_7
v0_15	v0_8
v0_15	v0_10
v0_15	v0_20
v0_16	v0_1
v0_16	v0_2
v0_16	v0_3
v0_16	v0_4
v0_16	v0_5
v0_16	v0_9
v0_16	v0_11
v0_16	v0_12
v0_16	v0_13
v0_16	v0_14
v0_16	v0_15
v0_16	v0_16
v0_16	v0_17
v0_16	v0_19
v0_16	v0_21
v0_16	v0_22
v0_16	v0_6
v0_16	v0_7
v0_16	v0_8
v0_16	v0_10
v0_16	v0_20
v0_17	v0_1
v0_17	v0_2
v0_17	v0_3
v0_17	v0_4
v0_17	v0_5
v0_17	v0_9
v0_17	v0_11
v0_17	v0_12
v0_17	v0_13
v0_17	v0_14
v0_17	v0_15
v0_17	v0_16
v0_17	v0_17
v0_17	v0_19
v0_17	v0_21
v0_17	v0_22
v0_17	v0_6
v0_17	v0_7
v0_17	v0_8
v0_17	v0_10
v0_17	v0_20
v0_18	v0_1
v0_18	v0_2
v0_18	v0_3
v0_18	v0_4
v0_18	v0_5
v0_18	v0_9
v0_18	v0_11
v0_18	v0_12
v0_18	v0_13
v0_18	v0_14
v0_18	v0_15
v0_18	v0_16
v0_18	v0_17
v0_18	v0_18
v0_18	v0_21
v0_18	v0_22
v0_18	v0_6
v0_18	v0_7
v0_18	v0_8
v0_18	v0_10
v0_18	v0_20
v0_19	v0_1
v0_19	v0_2
v0_19	v0_3
v0_19	v0_4
v0_19	v0_5
v0_19	v0_9
v0_19	v0_11
v0_19	v0_12
v0_19	v0_13
v0_19	v0_14
v0_19	v0_15
v0_19	v0_16
v0_19	v0_17
v0_19	v0_18
v0_19	v0_19
v0_19	v0_21
v0_19	v0_6
v0_19	v0_7
v0_19	v0_8
v0_19	v0_10
v0_19	v0_20
v0_21	v0_1
v0_21	v0_2
v0_21	v0_3
v0_21	v0_4
v0_21	v0_5
v0_21	v0_9
v0_21	v0_11
v0_21	v0_12
v0_21	v0_13
v0_21	v0_14
v0_21	v0_15
v0_21	v0_16
v0_21	v0_17
v0_21	v0_18
v0_21	v0_19
v0_21	v0_21
v0_21	v0_6
v0_21	v0_7
v0_21	v0_8
v0_21	v0_10
v0_21	v0_20
v0_22	v0_1
v0_22	v0_2
v0_22	v0_3
v0_22	v0_4
v0_22	v0_5
v0_22	v0_9
v0_22	v0_11
v0_22	v0_12
v0_22	v0_13
v0_22	v0_14
v0_22	v0_15
v0_22	v0_16
v0_22	v0_17
v0_22	v0_18
v0_22	v0_19
v0_22	v0_21
v0_22	v0_22
v0_22	v0_6
v0_22	v0_7
v0_22	v0_8
v0_22	v0_10
v0_22	v0_20
v0_6	v0_1
v0_6	v0_3
v0_6	v0_4
v0_6	v0_5
v0_6	v0_9
v0_6	v0_11
v0_6	v0_12
v0_6	v0_13
v0_6	v0_14
v0_6	v0_15
v0_6	v0_16
v0_6	v0_17
v0_6	v0_18
v0_6	v0_19
v0_6	v0_21
v0_6	v0_22
v0_6	v0_6
v0_6	v0_7
v0_6	v0_8
v0_6	v0_10
v0_6	v0_20
v0_7	v0_1
v0_7	v0_3
v0_7	v0_4
v0_7	v0_5
v0_7	v0_9
v0_7	v0_11
v0_7	v0_12
v0_7	v0_13
v0_7	v0_14
v0_7	v0_15
v0_7	v0_16
v0_7	v0_17
v0_7	v0_18
v0_7	v0_19
v0_7	v0_21
v0_7	v0_22
v0_7	v0_6
v0_7	v0_7
v0_7	v0_8
v0_7	v0_10
v0_7	v0_20
v0_8	v0_1
v0_8	v0_2
v0_8	v0_3
v0_8	v0_4
v0_8	v0_5
v0_8	v0_11
v0_8	v0_12
v0_8	v0_13
v0_8	v0_14
v0_8	v0_15
v0_8	v0_16
v0_8	v0_17
v0_8	v0_18
v0_8	v0_19
v0_8	v0_21
v0_8	v0_22
v0_8	v0_6
v0_8	v0_7
v0_8	v0_8
v0_8	v0_10
v0_8	v0_20
v0_10	v0_1
v0_10	v0_3
v0_10	v0_4
v0_10	v0_5
v0_10	v0_9
v0_10	v0_11
v0_10	v0_12
v0_10	v0_13
v0_10	v0_14
v0_10	v0_15
v0_10	v0_16
v0_10	v0_17
v0_10	v0_18
v0_10	v0_19
v0_10	v0_21
v0_10	v0_22
v0_10	v0_6
v0_10	v0_7
v0_10	v0_8
v0_10	v0_10
v0_10	v0_20
v0_20	v0_1
v0_20	v0_2
v0_20	v0_3
v0_20	v0_4
v0_20	v0_5
v0_20	v0_9
v0_20	v0_11
v0_20	v0_12
v0_20	v0_13
v0_20	v0_14
v0_20	v0_15
v0_20	v0_16
v0_20	v0_17
v0_20	v0_18
v0_20	v0_21
v0_20	v0_22
v0_20	v0_6
v0_20	v0_7
v0_20	v0_8
v0_20	v0_10
v0_20	v0_20
